id,noisy_path,ref_path,snr,noise_primary,noise_secondary,seed
0,train/noisy_0000.wav,train/ref_0000.wav,6.08,static,none,1000
1,train/noisy_0001.wav,train/ref_0001.wav,4.07,engine,none,1001
2,train/noisy_0002.wav,train/ref_0002.wav,-4.68,rotor,none,1002
3,train/noisy_0003.wav,train/ref_0003.wav,10.05,static,none,1003
4,train/noisy_0004.wav,train/ref_0004.wav,0.75,rotor,none,1004
5,train/noisy_0005.wav,train/ref_0005.wav,-3.44,rotor,none,1005
6,train/noisy_0006.wav,train/ref_0006.wav,-0.75,crowd,none,1006
7,train/noisy_0007.wav,train/ref_0007.wav,2.75,crowd,none,1007
8,train/noisy_0008.wav,train/ref_0008.wav,7.52,crowd,none,1008
9,train/noisy_0009.wav,train/ref_0009.wav,7.61,static,none,1009
10,train/noisy_0010.wav,train/ref_0010.wav,-3.6,static,none,1010
11,train/noisy_0011.wav,train/ref_0011.wav,0.96,wind,none,1011
12,train/noisy_0012.wav,train/ref_0012.wav,-3.24,crowd,none,1012
13,train/noisy_0013.wav,train/ref_0013.wav,-3.82,engine,none,1013
14,train/noisy_0014.wav,train/ref_0014.wav,-0.85,wind,none,1014
15,train/noisy_0015.wav,train/ref_0015.wav,-1.62,crowd,none,1015
16,train/noisy_0016.wav,train/ref_0016.wav,7.47,engine,none,1016
17,train/noisy_0017.wav,train/ref_0017.wav,-4.28,crowd,none,1017
18,train/noisy_0018.wav,train/ref_0018.wav,-4.52,static,none,1018
19,train/noisy_0019.wav,train/ref_0019.wav,11.34,static,none,1019
20,train/noisy_0020.wav,train/ref_0020.wav,4.45,static,none,1020
21,train/noisy_0021.wav,train/ref_0021.wav,13.65,rotor,none,1021
22,train/noisy_0022.wav,train/ref_0022.wav,12.32,static,none,1022
23,train/noisy_0023.wav,train/ref_0023.wav,8.79,crowd,none,1023
24,train/noisy_0024.wav,train/ref_0024.wav,1.91,crowd,none,1024
25,train/noisy_0025.wav,train/ref_0025.wav,10.58,crowd,none,1025
26,train/noisy_0026.wav,train/ref_0026.wav,5.03,engine,none,1026
27,train/noisy_0027.wav,train/ref_0027.wav,-3.07,engine,none,1027
28,train/noisy_0028.wav,train/ref_0028.wav,4.38,engine,none,1028
29,train/noisy_0029.wav,train/ref_0029.wav,-4.55,engine,none,1029
30,train/noisy_0030.wav,train/ref_0030.wav,12.41,rotor,none,1030
31,train/noisy_0031.wav,train/ref_0031.wav,12.86,rotor,none,1031
32,train/noisy_0032.wav,train/ref_0032.wav,12.38,wind,none,1032
33,train/noisy_0033.wav,train/ref_0033.wav,5.42,static,none,1033
34,train/noisy_0034.wav,train/ref_0034.wav,5.73,crowd,none,1034
35,train/noisy_0035.wav,train/ref_0035.wav,-3.17,engine,none,1035
36,train/noisy_0036.wav,train/ref_0036.wav,5.97,crowd,none,1036
37,train/noisy_0037.wav,train/ref_0037.wav,2.22,engine,none,1037
38,train/noisy_0038.wav,train/ref_0038.wav,12.72,engine,none,1038
39,train/noisy_0039.wav,train/ref_0039.wav,8.04,static,none,1039
40,train/noisy_0040.wav,train/ref_0040.wav,9.17,crowd,none,1040
41,train/noisy_0041.wav,train/ref_0041.wav,12.29,crowd,none,1041
42,train/noisy_0042.wav,train/ref_0042.wav,5.67,static,none,1042
43,train/noisy_0043.wav,train/ref_0043.wav,-0.39,engine,none,1043
44,train/noisy_0044.wav,train/ref_0044.wav,0.62,rotor,none,1044
45,train/noisy_0045.wav,train/ref_0045.wav,8.74,static,none,1045
46,train/noisy_0046.wav,train/ref_0046.wav,8.59,rotor,none,1046
47,train/noisy_0047.wav,train/ref_0047.wav,7.85,wind,none,1047
48,train/noisy_0048.wav,train/ref_0048.wav,-0.47,engine,none,1048
49,train/noisy_0049.wav,train/ref_0049.wav,12.27,static,none,1049
50,train/noisy_0050.wav,train/ref_0050.wav,4.35,crowd,none,1050
51,train/noisy_0051.wav,train/ref_0051.wav,-4.04,crowd,none,1051
52,train/noisy_0052.wav,train/ref_0052.wav,-4.11,wind,none,1052
53,train/noisy_0053.wav,train/ref_0053.wav,9.45,rotor,none,1053
54,train/noisy_0054.wav,train/ref_0054.wav,4.96,engine,none,1054
55,train/noisy_0055.wav,train/ref_0055.wav,2.43,wind,none,1055
56,train/noisy_0056.wav,train/ref_0056.wav,-4.76,static,none,1056
57,train/noisy_0057.wav,train/ref_0057.wav,9.72,wind,none,1057
58,train/noisy_0058.wav,train/ref_0058.wav,6.08,wind,none,1058
59,train/noisy_0059.wav,train/ref_0059.wav,0.85,wind,none,1059
60,train/noisy_0060.wav,train/ref_0060.wav,-0.56,engine,none,1060
61,train/noisy_0061.wav,train/ref_0061.wav,6.67,static,none,1061
62,train/noisy_0062.wav,train/ref_0062.wav,6.74,engine,none,1062
63,train/noisy_0063.wav,train/ref_0063.wav,-3.16,engine,none,1063
64,train/noisy_0064.wav,train/ref_0064.wav,8.52,crowd,none,1064
65,train/noisy_0065.wav,train/ref_0065.wav,7.56,engine,none,1065
66,train/noisy_0066.wav,train/ref_0066.wav,-0.9,rotor,none,1066
67,train/noisy_0067.wav,train/ref_0067.wav,14.47,engine,none,1067
68,train/noisy_0068.wav,train/ref_0068.wav,12.26,wind,none,1068
69,train/noisy_0069.wav,train/ref_0069.wav,5.55,engine,none,1069
70,train/noisy_0070.wav,train/ref_0070.wav,-2.03,engine,none,1070
71,train/noisy_0071.wav,train/ref_0071.wav,9.46,wind,none,1071
72,train/noisy_0072.wav,train/ref_0072.wav,2.89,engine,none,1072
73,train/noisy_0073.wav,train/ref_0073.wav,10.64,rotor,none,1073
74,train/noisy_0074.wav,train/ref_0074.wav,4.58,rotor,none,1074
75,train/noisy_0075.wav,train/ref_0075.wav,13.78,wind,none,1075
76,train/noisy_0076.wav,train/ref_0076.wav,9.37,wind,none,1076
77,train/noisy_0077.wav,train/ref_0077.wav,6.82,engine,none,1077
78,train/noisy_0078.wav,train/ref_0078.wav,0.43,engine,none,1078
79,train/noisy_0079.wav,train/ref_0079.wav,9.44,static,none,1079
80,train/noisy_0080.wav,train/ref_0080.wav,-3.33,rotor,none,1080
81,train/noisy_0081.wav,train/ref_0081.wav,11.71,wind,none,1081
82,train/noisy_0082.wav,train/ref_0082.wav,-2.72,wind,none,1082
83,train/noisy_0083.wav,train/ref_0083.wav,6.67,rotor,none,1083
84,train/noisy_0084.wav,train/ref_0084.wav,-1.39,static,none,1084
85,train/noisy_0085.wav,train/ref_0085.wav,-0.18,rotor,none,1085
86,train/noisy_0086.wav,train/ref_0086.wav,9.28,engine,none,1086
87,train/noisy_0087.wav,train/ref_0087.wav,-0.42,engine,none,1087
88,train/noisy_0088.wav,train/ref_0088.wav,11.81,wind,none,1088
89,train/noisy_0089.wav,train/ref_0089.wav,14.62,rotor,none,1089
90,train/noisy_0090.wav,train/ref_0090.wav,1.79,engine,none,1090
91,train/noisy_0091.wav,train/ref_0091.wav,9.12,engine,none,1091
92,train/noisy_0092.wav,train/ref_0092.wav,5.97,engine,none,1092
93,train/noisy_0093.wav,train/ref_0093.wav,-0.69,wind,none,1093
94,train/noisy_0094.wav,train/ref_0094.wav,9.96,wind,none,1094
95,train/noisy_0095.wav,train/ref_0095.wav,2.76,static,none,1095
96,train/noisy_0096.wav,train/ref_0096.wav,3.17,engine,none,1096
97,train/noisy_0097.wav,train/ref_0097.wav,4.62,wind,none,1097
98,train/noisy_0098.wav,train/ref_0098.wav,6.36,rotor,none,1098
99,train/noisy_0099.wav,train/ref_0099.wav,11.92,wind,none,1099
100,train/noisy_0100.wav,train/ref_0100.wav,10.51,engine,none,1100
101,train/noisy_0101.wav,train/ref_0101.wav,-0.28,rotor,none,1101
102,train/noisy_0102.wav,train/ref_0102.wav,4.5,engine,none,1102
103,train/noisy_0103.wav,train/ref_0103.wav,8.94,crowd,none,1103
104,train/noisy_0104.wav,train/ref_0104.wav,11.45,wind,none,1104
105,train/noisy_0105.wav,train/ref_0105.wav,-4.65,crowd,none,1105
106,train/noisy_0106.wav,train/ref_0106.wav,7.66,engine,none,1106
107,train/noisy_0107.wav,train/ref_0107.wav,14.73,engine,none,1107
108,train/noisy_0108.wav,train/ref_0108.wav,-3.79,wind,none,1108
109,train/noisy_0109.wav,train/ref_0109.wav,5.5,engine,none,1109
110,train/noisy_0110.wav,train/ref_0110.wav,-4.67,engine,none,1110
111,train/noisy_0111.wav,train/ref_0111.wav,5.15,engine,none,1111
112,train/noisy_0112.wav,train/ref_0112.wav,3.45,wind,none,1112
113,train/noisy_0113.wav,train/ref_0113.wav,12.03,engine,none,1113
114,train/noisy_0114.wav,train/ref_0114.wav,6.73,engine,none,1114
115,train/noisy_0115.wav,train/ref_0115.wav,11.63,engine,none,1115
116,train/noisy_0116.wav,train/ref_0116.wav,-3.44,static,none,1116
117,train/noisy_0117.wav,train/ref_0117.wav,4.7,crowd,none,1117
118,train/noisy_0118.wav,train/ref_0118.wav,-4.24,crowd,none,1118
119,train/noisy_0119.wav,train/ref_0119.wav,3.14,rotor,none,1119
120,train/noisy_0120.wav,train/ref_0120.wav,7.07,rotor,none,1120
121,train/noisy_0121.wav,train/ref_0121.wav,-4.05,engine,none,1121
122,train/noisy_0122.wav,train/ref_0122.wav,-3.55,static,none,1122
123,train/noisy_0123.wav,train/ref_0123.wav,7.24,wind,none,1123
124,train/noisy_0124.wav,train/ref_0124.wav,2.1,crowd,none,1124
125,train/noisy_0125.wav,train/ref_0125.wav,10.67,crowd,none,1125
126,train/noisy_0126.wav,train/ref_0126.wav,3.43,wind,none,1126
127,train/noisy_0127.wav,train/ref_0127.wav,12.14,crowd,none,1127
128,train/noisy_0128.wav,train/ref_0128.wav,14.79,wind,none,1128
129,train/noisy_0129.wav,train/ref_0129.wav,3.32,rotor,none,1129
130,train/noisy_0130.wav,train/ref_0130.wav,6.51,rotor,none,1130
131,train/noisy_0131.wav,train/ref_0131.wav,8.07,crowd,none,1131
132,train/noisy_0132.wav,train/ref_0132.wav,14.57,rotor,none,1132
133,train/noisy_0133.wav,train/ref_0133.wav,0.27,rotor,none,1133
134,train/noisy_0134.wav,train/ref_0134.wav,9.89,static,none,1134
135,train/noisy_0135.wav,train/ref_0135.wav,13.44,crowd,none,1135
136,train/noisy_0136.wav,train/ref_0136.wav,-3.22,engine,none,1136
137,train/noisy_0137.wav,train/ref_0137.wav,10.25,static,none,1137
138,train/noisy_0138.wav,train/ref_0138.wav,0.35,rotor,none,1138
139,train/noisy_0139.wav,train/ref_0139.wav,-3.39,crowd,none,1139
140,train/noisy_0140.wav,train/ref_0140.wav,5.59,crowd,none,1140
141,train/noisy_0141.wav,train/ref_0141.wav,1.34,engine,none,1141
142,train/noisy_0142.wav,train/ref_0142.wav,-3.16,wind,none,1142
143,train/noisy_0143.wav,train/ref_0143.wav,-2.68,wind,none,1143
144,train/noisy_0144.wav,train/ref_0144.wav,3.39,engine,none,1144
145,train/noisy_0145.wav,train/ref_0145.wav,-4.64,rotor,none,1145
146,train/noisy_0146.wav,train/ref_0146.wav,0.02,rotor,none,1146
147,train/noisy_0147.wav,train/ref_0147.wav,4.2,rotor,none,1147
148,train/noisy_0148.wav,train/ref_0148.wav,10.63,engine,none,1148
149,train/noisy_0149.wav,train/ref_0149.wav,5.45,crowd,none,1149
150,train/noisy_0150.wav,train/ref_0150.wav,-4.18,crowd,none,1150
151,train/noisy_0151.wav,train/ref_0151.wav,10.88,static,none,1151
152,train/noisy_0152.wav,train/ref_0152.wav,-3.79,wind,none,1152
153,train/noisy_0153.wav,train/ref_0153.wav,2.64,wind,none,1153
154,train/noisy_0154.wav,train/ref_0154.wav,10.11,engine,none,1154
155,train/noisy_0155.wav,train/ref_0155.wav,9.43,crowd,none,1155
156,train/noisy_0156.wav,train/ref_0156.wav,13.26,engine,none,1156
157,train/noisy_0157.wav,train/ref_0157.wav,12.45,static,none,1157
158,train/noisy_0158.wav,train/ref_0158.wav,10.19,engine,none,1158
159,train/noisy_0159.wav,train/ref_0159.wav,12.88,engine,none,1159
160,train/noisy_0160.wav,train/ref_0160.wav,11.33,wind,none,1160
161,train/noisy_0161.wav,train/ref_0161.wav,13.85,wind,none,1161
162,train/noisy_0162.wav,train/ref_0162.wav,8.29,static,none,1162
163,train/noisy_0163.wav,train/ref_0163.wav,0.33,crowd,none,1163
164,train/noisy_0164.wav,train/ref_0164.wav,-4.01,rotor,none,1164
165,train/noisy_0165.wav,train/ref_0165.wav,-3.21,crowd,none,1165
166,train/noisy_0166.wav,train/ref_0166.wav,3.02,crowd,none,1166
167,train/noisy_0167.wav,train/ref_0167.wav,12.37,engine,none,1167
168,train/noisy_0168.wav,train/ref_0168.wav,6.72,wind,none,1168
169,train/noisy_0169.wav,train/ref_0169.wav,-1.32,crowd,none,1169
170,train/noisy_0170.wav,train/ref_0170.wav,1.79,static,none,1170
171,train/noisy_0171.wav,train/ref_0171.wav,4.61,rotor,none,1171
172,train/noisy_0172.wav,train/ref_0172.wav,12.61,static,none,1172
173,train/noisy_0173.wav,train/ref_0173.wav,-4.95,engine,none,1173
174,train/noisy_0174.wav,train/ref_0174.wav,-3.33,wind,none,1174
175,train/noisy_0175.wav,train/ref_0175.wav,-3.82,wind,none,1175
176,train/noisy_0176.wav,train/ref_0176.wav,8.0,wind,none,1176
177,train/noisy_0177.wav,train/ref_0177.wav,0.99,static,none,1177
178,train/noisy_0178.wav,train/ref_0178.wav,10.93,wind,none,1178
179,train/noisy_0179.wav,train/ref_0179.wav,6.01,rotor,none,1179
180,train/noisy_0180.wav,train/ref_0180.wav,1.5,engine,none,1180
181,train/noisy_0181.wav,train/ref_0181.wav,-4.17,rotor,none,1181
182,train/noisy_0182.wav,train/ref_0182.wav,6.83,crowd,none,1182
183,train/noisy_0183.wav,train/ref_0183.wav,-0.05,engine,none,1183
184,train/noisy_0184.wav,train/ref_0184.wav,6.51,rotor,none,1184
185,train/noisy_0185.wav,train/ref_0185.wav,2.14,static,none,1185
186,train/noisy_0186.wav,train/ref_0186.wav,5.7,engine,none,1186
187,train/noisy_0187.wav,train/ref_0187.wav,1.32,engine,none,1187
188,train/noisy_0188.wav,train/ref_0188.wav,3.15,engine,none,1188
189,train/noisy_0189.wav,train/ref_0189.wav,-4.91,static,none,1189
190,train/noisy_0190.wav,train/ref_0190.wav,13.73,static,none,1190
191,train/noisy_0191.wav,train/ref_0191.wav,7.3,crowd,none,1191
192,train/noisy_0192.wav,train/ref_0192.wav,-3.64,engine,none,1192
193,train/noisy_0193.wav,train/ref_0193.wav,6.56,engine,none,1193
194,train/noisy_0194.wav,train/ref_0194.wav,11.51,rotor,none,1194
195,train/noisy_0195.wav,train/ref_0195.wav,-4.02,static,none,1195
196,train/noisy_0196.wav,train/ref_0196.wav,1.69,static,none,1196
197,train/noisy_0197.wav,train/ref_0197.wav,13.44,engine,none,1197
198,train/noisy_0198.wav,train/ref_0198.wav,3.35,crowd,none,1198
199,train/noisy_0199.wav,train/ref_0199.wav,13.5,rotor,none,1199
200,train/noisy_0200.wav,train/ref_0200.wav,10.17,wind,none,1200
201,train/noisy_0201.wav,train/ref_0201.wav,-4.55,crowd,none,1201
202,train/noisy_0202.wav,train/ref_0202.wav,14.25,static,none,1202
203,train/noisy_0203.wav,train/ref_0203.wav,11.23,engine,none,1203
204,train/noisy_0204.wav,train/ref_0204.wav,4.12,wind,none,1204
205,train/noisy_0205.wav,train/ref_0205.wav,10.06,crowd,none,1205
206,train/noisy_0206.wav,train/ref_0206.wav,-2.08,crowd,none,1206
207,train/noisy_0207.wav,train/ref_0207.wav,2.46,wind,none,1207
208,train/noisy_0208.wav,train/ref_0208.wav,12.73,rotor,none,1208
209,train/noisy_0209.wav,train/ref_0209.wav,4.24,engine,none,1209
210,train/noisy_0210.wav,train/ref_0210.wav,-2.49,wind,none,1210
211,train/noisy_0211.wav,train/ref_0211.wav,5.52,static,none,1211
212,train/noisy_0212.wav,train/ref_0212.wav,5.18,rotor,none,1212
213,train/noisy_0213.wav,train/ref_0213.wav,8.94,crowd,none,1213
214,train/noisy_0214.wav,train/ref_0214.wav,2.79,rotor,none,1214
215,train/noisy_0215.wav,train/ref_0215.wav,8.54,static,none,1215
216,train/noisy_0216.wav,train/ref_0216.wav,-2.01,crowd,none,1216
217,train/noisy_0217.wav,train/ref_0217.wav,2.35,static,none,1217
218,train/noisy_0218.wav,train/ref_0218.wav,3.35,crowd,none,1218
219,train/noisy_0219.wav,train/ref_0219.wav,-2.94,static,none,1219
220,train/noisy_0220.wav,train/ref_0220.wav,-1.89,crowd,none,1220
221,train/noisy_0221.wav,train/ref_0221.wav,0.1,engine,none,1221
222,train/noisy_0222.wav,train/ref_0222.wav,10.47,engine,none,1222
223,train/noisy_0223.wav,train/ref_0223.wav,10.46,crowd,none,1223
224,train/noisy_0224.wav,train/ref_0224.wav,0.95,crowd,none,1224
225,train/noisy_0225.wav,train/ref_0225.wav,-1.6,wind,none,1225
226,train/noisy_0226.wav,train/ref_0226.wav,8.39,crowd,none,1226
227,train/noisy_0227.wav,train/ref_0227.wav,-2.66,wind,none,1227
228,train/noisy_0228.wav,train/ref_0228.wav,1.55,wind,none,1228
229,train/noisy_0229.wav,train/ref_0229.wav,5.61,static,none,1229
230,train/noisy_0230.wav,train/ref_0230.wav,9.12,rotor,none,1230
231,train/noisy_0231.wav,train/ref_0231.wav,6.87,engine,none,1231
232,train/noisy_0232.wav,train/ref_0232.wav,1.09,rotor,none,1232
233,train/noisy_0233.wav,train/ref_0233.wav,0.86,crowd,none,1233
234,train/noisy_0234.wav,train/ref_0234.wav,-4.04,wind,none,1234
235,train/noisy_0235.wav,train/ref_0235.wav,-3.88,engine,none,1235
236,train/noisy_0236.wav,train/ref_0236.wav,7.74,wind,none,1236
237,train/noisy_0237.wav,train/ref_0237.wav,7.99,engine,none,1237
238,train/noisy_0238.wav,train/ref_0238.wav,12.02,static,none,1238
239,train/noisy_0239.wav,train/ref_0239.wav,11.18,rotor,none,1239
240,train/noisy_0240.wav,train/ref_0240.wav,2.49,rotor,none,1240
241,train/noisy_0241.wav,train/ref_0241.wav,5.71,engine,none,1241
242,train/noisy_0242.wav,train/ref_0242.wav,5.92,engine,none,1242
243,train/noisy_0243.wav,train/ref_0243.wav,9.22,engine,none,1243
244,train/noisy_0244.wav,train/ref_0244.wav,6.19,static,none,1244
245,train/noisy_0245.wav,train/ref_0245.wav,-2.56,static,none,1245
246,train/noisy_0246.wav,train/ref_0246.wav,10.71,engine,none,1246
247,train/noisy_0247.wav,train/ref_0247.wav,-3.7,crowd,none,1247
248,train/noisy_0248.wav,train/ref_0248.wav,-4.76,engine,none,1248
249,train/noisy_0249.wav,train/ref_0249.wav,4.3,rotor,none,1249
250,train/noisy_0250.wav,train/ref_0250.wav,13.04,rotor,none,1250
251,train/noisy_0251.wav,train/ref_0251.wav,2.26,crowd,none,1251
252,train/noisy_0252.wav,train/ref_0252.wav,12.54,rotor,none,1252
253,train/noisy_0253.wav,train/ref_0253.wav,0.35,static,none,1253
254,train/noisy_0254.wav,train/ref_0254.wav,-0.36,engine,none,1254
255,train/noisy_0255.wav,train/ref_0255.wav,-0.9,rotor,none,1255
256,train/noisy_0256.wav,train/ref_0256.wav,9.15,wind,none,1256
257,train/noisy_0257.wav,train/ref_0257.wav,-4.2,crowd,none,1257
258,train/noisy_0258.wav,train/ref_0258.wav,7.5,wind,none,1258
259,train/noisy_0259.wav,train/ref_0259.wav,2.68,engine,none,1259
260,train/noisy_0260.wav,train/ref_0260.wav,4.37,crowd,none,1260
261,train/noisy_0261.wav,train/ref_0261.wav,2.57,wind,none,1261
262,train/noisy_0262.wav,train/ref_0262.wav,-2.56,rotor,none,1262
263,train/noisy_0263.wav,train/ref_0263.wav,-1.74,crowd,none,1263
264,train/noisy_0264.wav,train/ref_0264.wav,-1.12,rotor,none,1264
265,train/noisy_0265.wav,train/ref_0265.wav,-4.35,rotor,none,1265
266,train/noisy_0266.wav,train/ref_0266.wav,-3.4,crowd,none,1266
267,train/noisy_0267.wav,train/ref_0267.wav,3.33,crowd,none,1267
268,train/noisy_0268.wav,train/ref_0268.wav,2.01,wind,none,1268
269,train/noisy_0269.wav,train/ref_0269.wav,8.51,wind,none,1269
270,train/noisy_0270.wav,train/ref_0270.wav,0.97,crowd,none,1270
271,train/noisy_0271.wav,train/ref_0271.wav,-0.82,crowd,none,1271
272,train/noisy_0272.wav,train/ref_0272.wav,8.31,rotor,none,1272
273,train/noisy_0273.wav,train/ref_0273.wav,7.94,engine,none,1273
274,train/noisy_0274.wav,train/ref_0274.wav,2.79,wind,none,1274
275,train/noisy_0275.wav,train/ref_0275.wav,8.6,rotor,none,1275
276,train/noisy_0276.wav,train/ref_0276.wav,11.64,engine,none,1276
277,train/noisy_0277.wav,train/ref_0277.wav,11.43,crowd,none,1277
278,train/noisy_0278.wav,train/ref_0278.wav,5.17,crowd,none,1278
279,train/noisy_0279.wav,train/ref_0279.wav,3.6,wind,none,1279
280,train/noisy_0280.wav,train/ref_0280.wav,1.0,rotor,none,1280
281,train/noisy_0281.wav,train/ref_0281.wav,13.17,static,none,1281
282,train/noisy_0282.wav,train/ref_0282.wav,14.19,rotor,none,1282
283,train/noisy_0283.wav,train/ref_0283.wav,0.12,static,none,1283
284,train/noisy_0284.wav,train/ref_0284.wav,11.47,wind,none,1284
285,train/noisy_0285.wav,train/ref_0285.wav,2.19,static,none,1285
286,train/noisy_0286.wav,train/ref_0286.wav,2.9,crowd,none,1286
287,train/noisy_0287.wav,train/ref_0287.wav,9.65,rotor,none,1287
288,train/noisy_0288.wav,train/ref_0288.wav,9.77,engine,none,1288
289,train/noisy_0289.wav,train/ref_0289.wav,-2.16,static,none,1289
290,train/noisy_0290.wav,train/ref_0290.wav,0.17,rotor,none,1290
291,train/noisy_0291.wav,train/ref_0291.wav,0.34,static,none,1291
292,train/noisy_0292.wav,train/ref_0292.wav,14.11,static,none,1292
293,train/noisy_0293.wav,train/ref_0293.wav,8.43,crowd,none,1293
294,train/noisy_0294.wav,train/ref_0294.wav,13.66,crowd,none,1294
295,train/noisy_0295.wav,train/ref_0295.wav,6.76,rotor,none,1295
296,train/noisy_0296.wav,train/ref_0296.wav,-0.01,engine,none,1296
297,train/noisy_0297.wav,train/ref_0297.wav,6.79,static,none,1297
298,train/noisy_0298.wav,train/ref_0298.wav,-0.75,rotor,none,1298
299,train/noisy_0299.wav,train/ref_0299.wav,13.12,engine,none,1299
300,train/noisy_0300.wav,train/ref_0300.wav,7.75,crowd,none,1300
301,train/noisy_0301.wav,train/ref_0301.wav,-3.9,rotor,none,1301
302,train/noisy_0302.wav,train/ref_0302.wav,3.27,static,none,1302
303,train/noisy_0303.wav,train/ref_0303.wav,-2.4,wind,none,1303
304,train/noisy_0304.wav,train/ref_0304.wav,13.62,engine,none,1304
305,train/noisy_0305.wav,train/ref_0305.wav,12.78,wind,none,1305
306,train/noisy_0306.wav,train/ref_0306.wav,6.25,crowd,none,1306
307,train/noisy_0307.wav,train/ref_0307.wav,12.82,static,none,1307
308,train/noisy_0308.wav,train/ref_0308.wav,5.23,wind,none,1308
309,train/noisy_0309.wav,train/ref_0309.wav,3.2,wind,none,1309
310,train/noisy_0310.wav,train/ref_0310.wav,14.21,static,none,1310
311,train/noisy_0311.wav,train/ref_0311.wav,7.13,crowd,none,1311
312,train/noisy_0312.wav,train/ref_0312.wav,8.49,rotor,none,1312
313,train/noisy_0313.wav,train/ref_0313.wav,2.06,static,none,1313
314,train/noisy_0314.wav,train/ref_0314.wav,1.27,rotor,none,1314
315,train/noisy_0315.wav,train/ref_0315.wav,8.3,engine,none,1315
316,train/noisy_0316.wav,train/ref_0316.wav,-0.41,crowd,none,1316
317,train/noisy_0317.wav,train/ref_0317.wav,3.31,crowd,none,1317
318,train/noisy_0318.wav,train/ref_0318.wav,-1.96,rotor,none,1318
319,train/noisy_0319.wav,train/ref_0319.wav,8.64,rotor,none,1319
320,train/noisy_0320.wav,train/ref_0320.wav,14.02,rotor,none,1320
321,train/noisy_0321.wav,train/ref_0321.wav,14.85,static,none,1321
322,train/noisy_0322.wav,train/ref_0322.wav,-1.62,rotor,none,1322
323,train/noisy_0323.wav,train/ref_0323.wav,8.11,wind,none,1323
324,train/noisy_0324.wav,train/ref_0324.wav,-1.38,rotor,none,1324
325,train/noisy_0325.wav,train/ref_0325.wav,14.29,rotor,none,1325
326,train/noisy_0326.wav,train/ref_0326.wav,12.33,rotor,none,1326
327,train/noisy_0327.wav,train/ref_0327.wav,5.45,static,none,1327
328,train/noisy_0328.wav,train/ref_0328.wav,-2.51,wind,none,1328
329,train/noisy_0329.wav,train/ref_0329.wav,8.84,rotor,none,1329
330,train/noisy_0330.wav,train/ref_0330.wav,10.08,static,none,1330
331,train/noisy_0331.wav,train/ref_0331.wav,4.19,engine,none,1331
332,train/noisy_0332.wav,train/ref_0332.wav,11.03,crowd,none,1332
333,train/noisy_0333.wav,train/ref_0333.wav,11.79,crowd,none,1333
334,train/noisy_0334.wav,train/ref_0334.wav,0.72,rotor,none,1334
335,train/noisy_0335.wav,train/ref_0335.wav,-0.17,rotor,none,1335
336,train/noisy_0336.wav,train/ref_0336.wav,-0.27,rotor,none,1336
337,train/noisy_0337.wav,train/ref_0337.wav,10.17,crowd,none,1337
338,train/noisy_0338.wav,train/ref_0338.wav,8.07,engine,none,1338
339,train/noisy_0339.wav,train/ref_0339.wav,-1.72,static,none,1339
340,train/noisy_0340.wav,train/ref_0340.wav,3.36,engine,none,1340
341,train/noisy_0341.wav,train/ref_0341.wav,10.43,crowd,none,1341
342,train/noisy_0342.wav,train/ref_0342.wav,2.6,static,none,1342
343,train/noisy_0343.wav,train/ref_0343.wav,-2.29,engine,none,1343
344,train/noisy_0344.wav,train/ref_0344.wav,7.14,rotor,none,1344
345,train/noisy_0345.wav,train/ref_0345.wav,-3.44,engine,none,1345
346,train/noisy_0346.wav,train/ref_0346.wav,2.9,static,none,1346
347,train/noisy_0347.wav,train/ref_0347.wav,4.73,wind,none,1347
348,train/noisy_0348.wav,train/ref_0348.wav,6.54,engine,none,1348
349,train/noisy_0349.wav,train/ref_0349.wav,9.47,engine,none,1349
350,train/noisy_0350.wav,train/ref_0350.wav,-0.83,wind,none,1350
351,train/noisy_0351.wav,train/ref_0351.wav,6.05,engine,none,1351
352,train/noisy_0352.wav,train/ref_0352.wav,3.65,static,none,1352
353,train/noisy_0353.wav,train/ref_0353.wav,3.1,engine,none,1353
354,train/noisy_0354.wav,train/ref_0354.wav,4.71,static,none,1354
355,train/noisy_0355.wav,train/ref_0355.wav,0.92,engine,none,1355
356,train/noisy_0356.wav,train/ref_0356.wav,-4.63,wind,none,1356
357,train/noisy_0357.wav,train/ref_0357.wav,-2.38,wind,none,1357
358,train/noisy_0358.wav,train/ref_0358.wav,13.44,crowd,none,1358
359,train/noisy_0359.wav,train/ref_0359.wav,10.85,static,none,1359
360,train/noisy_0360.wav,train/ref_0360.wav,6.4,wind,none,1360
361,train/noisy_0361.wav,train/ref_0361.wav,7.51,wind,none,1361
362,train/noisy_0362.wav,train/ref_0362.wav,12.1,engine,none,1362
363,train/noisy_0363.wav,train/ref_0363.wav,7.75,wind,none,1363
364,train/noisy_0364.wav,train/ref_0364.wav,-0.89,rotor,none,1364
365,train/noisy_0365.wav,train/ref_0365.wav,1.96,static,none,1365
366,train/noisy_0366.wav,train/ref_0366.wav,-3.29,static,none,1366
367,train/noisy_0367.wav,train/ref_0367.wav,9.66,crowd,none,1367
368,train/noisy_0368.wav,train/ref_0368.wav,13.44,wind,none,1368
369,train/noisy_0369.wav,train/ref_0369.wav,5.55,rotor,none,1369
370,train/noisy_0370.wav,train/ref_0370.wav,13.18,crowd,none,1370
371,train/noisy_0371.wav,train/ref_0371.wav,2.07,engine,none,1371
372,train/noisy_0372.wav,train/ref_0372.wav,3.94,static,none,1372
373,train/noisy_0373.wav,train/ref_0373.wav,2.96,rotor,none,1373
374,train/noisy_0374.wav,train/ref_0374.wav,1.49,static,none,1374
375,train/noisy_0375.wav,train/ref_0375.wav,11.35,wind,none,1375
376,train/noisy_0376.wav,train/ref_0376.wav,2.52,rotor,none,1376
377,train/noisy_0377.wav,train/ref_0377.wav,6.51,static,none,1377
378,train/noisy_0378.wav,train/ref_0378.wav,0.95,crowd,none,1378
379,train/noisy_0379.wav,train/ref_0379.wav,7.19,rotor,none,1379
380,train/noisy_0380.wav,train/ref_0380.wav,10.85,crowd,none,1380
381,train/noisy_0381.wav,train/ref_0381.wav,11.6,rotor,none,1381
382,train/noisy_0382.wav,train/ref_0382.wav,6.08,wind,none,1382
383,train/noisy_0383.wav,train/ref_0383.wav,0.17,static,none,1383
384,train/noisy_0384.wav,train/ref_0384.wav,8.2,crowd,none,1384
385,train/noisy_0385.wav,train/ref_0385.wav,7.15,wind,none,1385
386,train/noisy_0386.wav,train/ref_0386.wav,0.91,crowd,none,1386
387,train/noisy_0387.wav,train/ref_0387.wav,-0.14,rotor,none,1387
388,train/noisy_0388.wav,train/ref_0388.wav,-3.89,rotor,none,1388
389,train/noisy_0389.wav,train/ref_0389.wav,14.89,rotor,none,1389
390,train/noisy_0390.wav,train/ref_0390.wav,7.76,engine,none,1390
391,train/noisy_0391.wav,train/ref_0391.wav,4.89,static,none,1391
392,train/noisy_0392.wav,train/ref_0392.wav,4.03,wind,none,1392
393,train/noisy_0393.wav,train/ref_0393.wav,0.31,rotor,none,1393
394,train/noisy_0394.wav,train/ref_0394.wav,-3.66,engine,none,1394
395,train/noisy_0395.wav,train/ref_0395.wav,-1.18,rotor,none,1395
396,train/noisy_0396.wav,train/ref_0396.wav,-3.59,crowd,none,1396
397,train/noisy_0397.wav,train/ref_0397.wav,7.71,wind,none,1397
398,train/noisy_0398.wav,train/ref_0398.wav,11.94,engine,none,1398
399,train/noisy_0399.wav,train/ref_0399.wav,8.14,static,none,1399
400,train/noisy_0400.wav,train/ref_0400.wav,11.74,crowd,none,1400
401,train/noisy_0401.wav,train/ref_0401.wav,1.25,wind,none,1401
402,train/noisy_0402.wav,train/ref_0402.wav,5.62,static,none,1402
403,train/noisy_0403.wav,train/ref_0403.wav,12.68,rotor,none,1403
404,train/noisy_0404.wav,train/ref_0404.wav,4.06,wind,none,1404
405,train/noisy_0405.wav,train/ref_0405.wav,3.91,static,none,1405
406,train/noisy_0406.wav,train/ref_0406.wav,9.47,crowd,none,1406
407,train/noisy_0407.wav,train/ref_0407.wav,-0.0,wind,none,1407
408,train/noisy_0408.wav,train/ref_0408.wav,14.19,crowd,none,1408
409,train/noisy_0409.wav,train/ref_0409.wav,5.19,rotor,none,1409
410,train/noisy_0410.wav,train/ref_0410.wav,10.24,crowd,none,1410
411,train/noisy_0411.wav,train/ref_0411.wav,6.37,wind,none,1411
412,train/noisy_0412.wav,train/ref_0412.wav,1.23,engine,none,1412
413,train/noisy_0413.wav,train/ref_0413.wav,-1.38,engine,none,1413
414,train/noisy_0414.wav,train/ref_0414.wav,5.4,static,none,1414
415,train/noisy_0415.wav,train/ref_0415.wav,12.55,wind,none,1415
416,train/noisy_0416.wav,train/ref_0416.wav,0.44,engine,none,1416
417,train/noisy_0417.wav,train/ref_0417.wav,-0.87,rotor,none,1417
418,train/noisy_0418.wav,train/ref_0418.wav,12.03,crowd,none,1418
419,train/noisy_0419.wav,train/ref_0419.wav,0.04,crowd,none,1419
420,train/noisy_0420.wav,train/ref_0420.wav,1.72,wind,none,1420
421,train/noisy_0421.wav,train/ref_0421.wav,6.84,static,none,1421
422,train/noisy_0422.wav,train/ref_0422.wav,8.55,wind,none,1422
423,train/noisy_0423.wav,train/ref_0423.wav,1.77,engine,none,1423
424,train/noisy_0424.wav,train/ref_0424.wav,1.19,engine,none,1424
425,train/noisy_0425.wav,train/ref_0425.wav,-3.54,wind,none,1425
426,train/noisy_0426.wav,train/ref_0426.wav,8.0,static,none,1426
427,train/noisy_0427.wav,train/ref_0427.wav,9.24,static,none,1427
428,train/noisy_0428.wav,train/ref_0428.wav,11.94,engine,none,1428
429,train/noisy_0429.wav,train/ref_0429.wav,0.39,wind,none,1429
430,train/noisy_0430.wav,train/ref_0430.wav,3.39,crowd,none,1430
431,train/noisy_0431.wav,train/ref_0431.wav,7.98,rotor,none,1431
432,train/noisy_0432.wav,train/ref_0432.wav,2.27,static,none,1432
433,train/noisy_0433.wav,train/ref_0433.wav,5.15,engine,none,1433
434,train/noisy_0434.wav,train/ref_0434.wav,3.07,engine,none,1434
435,train/noisy_0435.wav,train/ref_0435.wav,12.02,engine,none,1435
436,train/noisy_0436.wav,train/ref_0436.wav,-4.42,crowd,none,1436
437,train/noisy_0437.wav,train/ref_0437.wav,2.26,static,none,1437
438,train/noisy_0438.wav,train/ref_0438.wav,12.03,crowd,none,1438
439,train/noisy_0439.wav,train/ref_0439.wav,6.16,wind,none,1439
440,train/noisy_0440.wav,train/ref_0440.wav,-0.95,wind,none,1440
441,train/noisy_0441.wav,train/ref_0441.wav,-2.54,crowd,none,1441
442,train/noisy_0442.wav,train/ref_0442.wav,14.82,rotor,none,1442
443,train/noisy_0443.wav,train/ref_0443.wav,12.8,engine,none,1443
444,train/noisy_0444.wav,train/ref_0444.wav,2.04,engine,none,1444
445,train/noisy_0445.wav,train/ref_0445.wav,9.07,wind,none,1445
446,train/noisy_0446.wav,train/ref_0446.wav,3.72,wind,none,1446
447,train/noisy_0447.wav,train/ref_0447.wav,1.49,crowd,none,1447
448,train/noisy_0448.wav,train/ref_0448.wav,8.1,rotor,none,1448
449,train/noisy_0449.wav,train/ref_0449.wav,7.49,rotor,none,1449
450,train/noisy_0450.wav,train/ref_0450.wav,5.93,rotor,none,1450
451,train/noisy_0451.wav,train/ref_0451.wav,7.83,engine,none,1451
452,train/noisy_0452.wav,train/ref_0452.wav,-2.29,static,none,1452
453,train/noisy_0453.wav,train/ref_0453.wav,13.84,rotor,none,1453
454,train/noisy_0454.wav,train/ref_0454.wav,11.2,wind,none,1454
455,train/noisy_0455.wav,train/ref_0455.wav,5.89,crowd,none,1455
456,train/noisy_0456.wav,train/ref_0456.wav,1.27,static,none,1456
457,train/noisy_0457.wav,train/ref_0457.wav,2.87,static,none,1457
458,train/noisy_0458.wav,train/ref_0458.wav,-0.17,wind,none,1458
459,train/noisy_0459.wav,train/ref_0459.wav,-0.99,rotor,none,1459
460,train/noisy_0460.wav,train/ref_0460.wav,11.55,wind,none,1460
461,train/noisy_0461.wav,train/ref_0461.wav,2.77,crowd,none,1461
462,train/noisy_0462.wav,train/ref_0462.wav,4.44,rotor,none,1462
463,train/noisy_0463.wav,train/ref_0463.wav,0.63,crowd,none,1463
464,train/noisy_0464.wav,train/ref_0464.wav,11.56,static,none,1464
465,train/noisy_0465.wav,train/ref_0465.wav,14.18,crowd,none,1465
466,train/noisy_0466.wav,train/ref_0466.wav,13.12,static,none,1466
467,train/noisy_0467.wav,train/ref_0467.wav,-1.92,rotor,none,1467
468,train/noisy_0468.wav,train/ref_0468.wav,-4.12,crowd,none,1468
469,train/noisy_0469.wav,train/ref_0469.wav,4.63,crowd,none,1469
470,train/noisy_0470.wav,train/ref_0470.wav,-0.99,engine,none,1470
471,train/noisy_0471.wav,train/ref_0471.wav,-1.12,wind,none,1471
472,train/noisy_0472.wav,train/ref_0472.wav,-2.57,wind,none,1472
473,train/noisy_0473.wav,train/ref_0473.wav,13.1,static,none,1473
474,train/noisy_0474.wav,train/ref_0474.wav,8.24,wind,none,1474
475,train/noisy_0475.wav,train/ref_0475.wav,14.35,rotor,none,1475
476,train/noisy_0476.wav,train/ref_0476.wav,10.46,static,none,1476
477,train/noisy_0477.wav,train/ref_0477.wav,14.29,wind,none,1477
478,train/noisy_0478.wav,train/ref_0478.wav,-2.2,static,none,1478
479,train/noisy_0479.wav,train/ref_0479.wav,11.71,wind,none,1479
480,train/noisy_0480.wav,train/ref_0480.wav,1.71,engine,none,1480
481,train/noisy_0481.wav,train/ref_0481.wav,9.52,static,none,1481
482,train/noisy_0482.wav,train/ref_0482.wav,13.89,crowd,none,1482
483,train/noisy_0483.wav,train/ref_0483.wav,14.42,static,none,1483
484,train/noisy_0484.wav,train/ref_0484.wav,2.98,rotor,none,1484
485,train/noisy_0485.wav,train/ref_0485.wav,7.85,wind,none,1485
486,train/noisy_0486.wav,train/ref_0486.wav,-2.48,rotor,none,1486
487,train/noisy_0487.wav,train/ref_0487.wav,5.74,engine,none,1487
488,train/noisy_0488.wav,train/ref_0488.wav,0.8,static,none,1488
489,train/noisy_0489.wav,train/ref_0489.wav,12.47,static,none,1489
490,train/noisy_0490.wav,train/ref_0490.wav,5.94,static,none,1490
491,train/noisy_0491.wav,train/ref_0491.wav,8.31,engine,none,1491
492,train/noisy_0492.wav,train/ref_0492.wav,-3.37,crowd,none,1492
493,train/noisy_0493.wav,train/ref_0493.wav,9.34,wind,none,1493
494,train/noisy_0494.wav,train/ref_0494.wav,12.32,crowd,none,1494
495,train/noisy_0495.wav,train/ref_0495.wav,-0.68,static,none,1495
496,train/noisy_0496.wav,train/ref_0496.wav,-2.45,wind,none,1496
497,train/noisy_0497.wav,train/ref_0497.wav,13.97,crowd,none,1497
498,train/noisy_0498.wav,train/ref_0498.wav,3.48,wind,none,1498
499,train/noisy_0499.wav,train/ref_0499.wav,9.32,crowd,none,1499
500,val/noisy_0500.wav,val/ref_0500.wav,5.64,rotor,none,2000
501,val/noisy_0501.wav,val/ref_0501.wav,9.43,wind,none,2001
502,val/noisy_0502.wav,val/ref_0502.wav,1.44,wind,none,2002
503,val/noisy_0503.wav,val/ref_0503.wav,11.81,wind,none,2003
504,val/noisy_0504.wav,val/ref_0504.wav,10.96,wind,none,2004
505,val/noisy_0505.wav,val/ref_0505.wav,-0.16,wind,none,2005
506,val/noisy_0506.wav,val/ref_0506.wav,-3.76,engine,none,2006
507,val/noisy_0507.wav,val/ref_0507.wav,13.38,static,none,2007
508,val/noisy_0508.wav,val/ref_0508.wav,1.94,engine,none,2008
509,val/noisy_0509.wav,val/ref_0509.wav,10.06,rotor,none,2009
510,val/noisy_0510.wav,val/ref_0510.wav,13.48,crowd,none,2010
511,val/noisy_0511.wav,val/ref_0511.wav,4.36,wind,none,2011
512,val/noisy_0512.wav,val/ref_0512.wav,-1.06,static,none,2012
513,val/noisy_0513.wav,val/ref_0513.wav,-2.56,wind,none,2013
514,val/noisy_0514.wav,val/ref_0514.wav,14.28,crowd,none,2014
515,val/noisy_0515.wav,val/ref_0515.wav,2.28,crowd,none,2015
516,val/noisy_0516.wav,val/ref_0516.wav,4.26,crowd,none,2016
517,val/noisy_0517.wav,val/ref_0517.wav,3.36,crowd,none,2017
518,val/noisy_0518.wav,val/ref_0518.wav,13.56,engine,none,2018
519,val/noisy_0519.wav,val/ref_0519.wav,4.04,engine,none,2019
520,val/noisy_0520.wav,val/ref_0520.wav,10.22,engine,none,2020
521,val/noisy_0521.wav,val/ref_0521.wav,4.31,wind,none,2021
522,val/noisy_0522.wav,val/ref_0522.wav,4.68,rotor,none,2022
523,val/noisy_0523.wav,val/ref_0523.wav,-1.19,wind,none,2023
524,val/noisy_0524.wav,val/ref_0524.wav,4.11,rotor,none,2024
525,val/noisy_0525.wav,val/ref_0525.wav,9.61,static,none,2025
526,val/noisy_0526.wav,val/ref_0526.wav,13.0,rotor,none,2026
527,val/noisy_0527.wav,val/ref_0527.wav,7.99,crowd,none,2027
528,val/noisy_0528.wav,val/ref_0528.wav,4.96,wind,none,2028
529,val/noisy_0529.wav,val/ref_0529.wav,10.57,crowd,none,2029
530,val/noisy_0530.wav,val/ref_0530.wav,13.98,crowd,none,2030
531,val/noisy_0531.wav,val/ref_0531.wav,-4.26,crowd,none,2031
532,val/noisy_0532.wav,val/ref_0532.wav,12.49,static,none,2032
533,val/noisy_0533.wav,val/ref_0533.wav,6.44,static,none,2033
534,val/noisy_0534.wav,val/ref_0534.wav,8.08,static,none,2034
535,val/noisy_0535.wav,val/ref_0535.wav,5.95,rotor,none,2035
536,val/noisy_0536.wav,val/ref_0536.wav,5.54,engine,none,2036
537,val/noisy_0537.wav,val/ref_0537.wav,-3.73,wind,none,2037
538,val/noisy_0538.wav,val/ref_0538.wav,12.79,wind,none,2038
539,val/noisy_0539.wav,val/ref_0539.wav,3.13,crowd,none,2039
540,val/noisy_0540.wav,val/ref_0540.wav,4.48,wind,none,2040
541,val/noisy_0541.wav,val/ref_0541.wav,5.99,static,none,2041
542,val/noisy_0542.wav,val/ref_0542.wav,1.8,engine,none,2042
543,val/noisy_0543.wav,val/ref_0543.wav,-0.64,engine,none,2043
544,val/noisy_0544.wav,val/ref_0544.wav,-1.54,static,none,2044
545,val/noisy_0545.wav,val/ref_0545.wav,5.76,static,none,2045
546,val/noisy_0546.wav,val/ref_0546.wav,-3.59,crowd,none,2046
547,val/noisy_0547.wav,val/ref_0547.wav,13.17,engine,none,2047
548,val/noisy_0548.wav,val/ref_0548.wav,8.65,engine,none,2048
549,val/noisy_0549.wav,val/ref_0549.wav,11.75,wind,none,2049
550,val/noisy_0550.wav,val/ref_0550.wav,-0.46,wind,none,2050
551,val/noisy_0551.wav,val/ref_0551.wav,-2.85,static,none,2051
552,val/noisy_0552.wav,val/ref_0552.wav,14.15,static,none,2052
553,val/noisy_0553.wav,val/ref_0553.wav,2.69,rotor,none,2053
554,val/noisy_0554.wav,val/ref_0554.wav,8.75,rotor,none,2054
555,val/noisy_0555.wav,val/ref_0555.wav,-2.14,rotor,none,2055
556,val/noisy_0556.wav,val/ref_0556.wav,-3.33,engine,none,2056
557,val/noisy_0557.wav,val/ref_0557.wav,5.26,static,none,2057
558,val/noisy_0558.wav,val/ref_0558.wav,14.55,rotor,none,2058
559,val/noisy_0559.wav,val/ref_0559.wav,6.31,crowd,none,2059
560,val/noisy_0560.wav,val/ref_0560.wav,-4.39,wind,none,2060
561,val/noisy_0561.wav,val/ref_0561.wav,-1.6,wind,none,2061
562,val/noisy_0562.wav,val/ref_0562.wav,8.03,engine,none,2062
563,val/noisy_0563.wav,val/ref_0563.wav,0.1,wind,none,2063
564,val/noisy_0564.wav,val/ref_0564.wav,11.63,engine,none,2064
565,val/noisy_0565.wav,val/ref_0565.wav,7.49,engine,none,2065
566,val/noisy_0566.wav,val/ref_0566.wav,8.08,crowd,none,2066
567,val/noisy_0567.wav,val/ref_0567.wav,8.39,crowd,none,2067
568,val/noisy_0568.wav,val/ref_0568.wav,7.57,engine,none,2068
569,val/noisy_0569.wav,val/ref_0569.wav,11.26,static,none,2069
570,val/noisy_0570.wav,val/ref_0570.wav,14.68,rotor,none,2070
571,val/noisy_0571.wav,val/ref_0571.wav,7.46,static,none,2071
572,val/noisy_0572.wav,val/ref_0572.wav,9.15,wind,none,2072
573,val/noisy_0573.wav,val/ref_0573.wav,2.2,engine,none,2073
574,val/noisy_0574.wav,val/ref_0574.wav,-0.16,wind,none,2074
575,val/noisy_0575.wav,val/ref_0575.wav,-1.15,crowd,none,2075
576,val/noisy_0576.wav,val/ref_0576.wav,-3.02,rotor,none,2076
577,val/noisy_0577.wav,val/ref_0577.wav,-0.98,crowd,none,2077
578,val/noisy_0578.wav,val/ref_0578.wav,10.83,rotor,none,2078
579,val/noisy_0579.wav,val/ref_0579.wav,-2.14,wind,none,2079
580,val/noisy_0580.wav,val/ref_0580.wav,4.89,engine,none,2080
581,val/noisy_0581.wav,val/ref_0581.wav,1.73,rotor,none,2081
582,val/noisy_0582.wav,val/ref_0582.wav,6.76,engine,none,2082
583,val/noisy_0583.wav,val/ref_0583.wav,12.75,static,none,2083
584,val/noisy_0584.wav,val/ref_0584.wav,-4.42,crowd,none,2084
585,val/noisy_0585.wav,val/ref_0585.wav,8.93,static,none,2085
586,val/noisy_0586.wav,val/ref_0586.wav,-4.06,engine,none,2086
587,val/noisy_0587.wav,val/ref_0587.wav,-4.45,rotor,none,2087
588,val/noisy_0588.wav,val/ref_0588.wav,12.51,static,none,2088
589,val/noisy_0589.wav,val/ref_0589.wav,-3.33,static,none,2089
590,val/noisy_0590.wav,val/ref_0590.wav,7.08,wind,none,2090
591,val/noisy_0591.wav,val/ref_0591.wav,-3.24,rotor,none,2091
592,val/noisy_0592.wav,val/ref_0592.wav,2.49,wind,none,2092
593,val/noisy_0593.wav,val/ref_0593.wav,-2.39,static,none,2093
594,val/noisy_0594.wav,val/ref_0594.wav,12.24,engine,none,2094
595,val/noisy_0595.wav,val/ref_0595.wav,2.65,wind,none,2095
596,val/noisy_0596.wav,val/ref_0596.wav,-3.15,crowd,none,2096
597,val/noisy_0597.wav,val/ref_0597.wav,-2.71,static,none,2097
598,val/noisy_0598.wav,val/ref_0598.wav,10.43,static,none,2098
599,val/noisy_0599.wav,val/ref_0599.wav,9.66,rotor,none,2099
600,test/noisy_0600.wav,test/ref_0600.wav,0.17,rotor,none,3000
601,test/noisy_0601.wav,test/ref_0601.wav,1.44,wind,none,3001
602,test/noisy_0602.wav,test/ref_0602.wav,-0.08,crowd,none,3002
603,test/noisy_0603.wav,test/ref_0603.wav,-3.29,rotor,none,3003
604,test/noisy_0604.wav,test/ref_0604.wav,14.2,rotor,none,3004
605,test/noisy_0605.wav,test/ref_0605.wav,-0.68,engine,none,3005
606,test/noisy_0606.wav,test/ref_0606.wav,8.62,static,none,3006
607,test/noisy_0607.wav,test/ref_0607.wav,1.23,engine,none,3007
608,test/noisy_0608.wav,test/ref_0608.wav,-3.86,static,none,3008
609,test/noisy_0609.wav,test/ref_0609.wav,-2.0,rotor,none,3009
610,test/noisy_0610.wav,test/ref_0610.wav,-0.52,rotor,none,3010
611,test/noisy_0611.wav,test/ref_0611.wav,-3.47,engine,none,3011
612,test/noisy_0612.wav,test/ref_0612.wav,-0.36,rotor,none,3012
613,test/noisy_0613.wav,test/ref_0613.wav,1.74,engine,none,3013
614,test/noisy_0614.wav,test/ref_0614.wav,4.61,wind,none,3014
615,test/noisy_0615.wav,test/ref_0615.wav,12.09,rotor,none,3015
616,test/noisy_0616.wav,test/ref_0616.wav,13.57,rotor,none,3016
617,test/noisy_0617.wav,test/ref_0617.wav,2.82,engine,none,3017
618,test/noisy_0618.wav,test/ref_0618.wav,-2.47,wind,none,3018
619,test/noisy_0619.wav,test/ref_0619.wav,1.92,crowd,none,3019
620,test/noisy_0620.wav,test/ref_0620.wav,7.58,rotor,none,3020
621,test/noisy_0621.wav,test/ref_0621.wav,6.91,crowd,none,3021
622,test/noisy_0622.wav,test/ref_0622.wav,-1.28,engine,none,3022
623,test/noisy_0623.wav,test/ref_0623.wav,11.93,crowd,none,3023
624,test/noisy_0624.wav,test/ref_0624.wav,3.94,static,none,3024
625,test/noisy_0625.wav,test/ref_0625.wav,11.62,static,none,3025
626,test/noisy_0626.wav,test/ref_0626.wav,14.28,wind,none,3026
627,test/noisy_0627.wav,test/ref_0627.wav,-3.91,static,none,3027
628,test/noisy_0628.wav,test/ref_0628.wav,7.81,static,none,3028
629,test/noisy_0629.wav,test/ref_0629.wav,7.38,rotor,none,3029
630,test/noisy_0630.wav,test/ref_0630.wav,13.79,wind,none,3030
631,test/noisy_0631.wav,test/ref_0631.wav,0.97,wind,none,3031
632,test/noisy_0632.wav,test/ref_0632.wav,-4.92,rotor,none,3032
633,test/noisy_0633.wav,test/ref_0633.wav,10.41,wind,none,3033
634,test/noisy_0634.wav,test/ref_0634.wav,-4.48,crowd,none,3034
635,test/noisy_0635.wav,test/ref_0635.wav,1.47,static,none,3035
636,test/noisy_0636.wav,test/ref_0636.wav,11.85,static,none,3036
637,test/noisy_0637.wav,test/ref_0637.wav,13.47,engine,none,3037
638,test/noisy_0638.wav,test/ref_0638.wav,13.06,rotor,none,3038
639,test/noisy_0639.wav,test/ref_0639.wav,-2.12,engine,none,3039
640,test/noisy_0640.wav,test/ref_0640.wav,-2.41,wind,none,3040
641,test/noisy_0641.wav,test/ref_0641.wav,12.1,wind,none,3041
642,test/noisy_0642.wav,test/ref_0642.wav,3.91,crowd,none,3042
643,test/noisy_0643.wav,test/ref_0643.wav,10.28,static,none,3043
644,test/noisy_0644.wav,test/ref_0644.wav,2.3,crowd,none,3044
645,test/noisy_0645.wav,test/ref_0645.wav,-0.3,engine,none,3045
646,test/noisy_0646.wav,test/ref_0646.wav,11.94,crowd,none,3046
647,test/noisy_0647.wav,test/ref_0647.wav,-2.81,wind,none,3047
648,test/noisy_0648.wav,test/ref_0648.wav,-0.46,static,none,3048
649,test/noisy_0649.wav,test/ref_0649.wav,4.95,crowd,none,3049
650,test/noisy_0650.wav,test/ref_0650.wav,-2.98,static,none,3050
651,test/noisy_0651.wav,test/ref_0651.wav,-3.41,wind,none,3051
652,test/noisy_0652.wav,test/ref_0652.wav,0.49,static,none,3052
653,test/noisy_0653.wav,test/ref_0653.wav,-0.82,static,none,3053
654,test/noisy_0654.wav,test/ref_0654.wav,-4.0,wind,none,3054
655,test/noisy_0655.wav,test/ref_0655.wav,7.23,wind,none,3055
656,test/noisy_0656.wav,test/ref_0656.wav,13.42,crowd,none,3056
657,test/noisy_0657.wav,test/ref_0657.wav,9.9,engine,none,3057
658,test/noisy_0658.wav,test/ref_0658.wav,5.14,rotor,none,3058
659,test/noisy_0659.wav,test/ref_0659.wav,9.78,crowd,none,3059
660,test/noisy_0660.wav,test/ref_0660.wav,14.93,static,none,3060
661,test/noisy_0661.wav,test/ref_0661.wav,-4.17,rotor,none,3061
662,test/noisy_0662.wav,test/ref_0662.wav,9.23,wind,none,3062
663,test/noisy_0663.wav,test/ref_0663.wav,2.15,crowd,none,3063
664,test/noisy_0664.wav,test/ref_0664.wav,1.2,crowd,none,3064
665,test/noisy_0665.wav,test/ref_0665.wav,-0.88,engine,none,3065
666,test/noisy_0666.wav,test/ref_0666.wav,4.95,rotor,none,3066
667,test/noisy_0667.wav,test/ref_0667.wav,13.6,crowd,none,3067
668,test/noisy_0668.wav,test/ref_0668.wav,11.78,wind,none,3068
669,test/noisy_0669.wav,test/ref_0669.wav,-4.12,rotor,none,3069
670,test/noisy_0670.wav,test/ref_0670.wav,6.48,rotor,none,3070
671,test/noisy_0671.wav,test/ref_0671.wav,13.97,crowd,none,3071
672,test/noisy_0672.wav,test/ref_0672.wav,-3.67,engine,none,3072
673,test/noisy_0673.wav,test/ref_0673.wav,2.76,static,none,3073
674,test/noisy_0674.wav,test/ref_0674.wav,7.01,engine,none,3074
675,test/noisy_0675.wav,test/ref_0675.wav,5.92,static,none,3075
676,test/noisy_0676.wav,test/ref_0676.wav,8.02,engine,none,3076
677,test/noisy_0677.wav,test/ref_0677.wav,9.05,crowd,none,3077
678,test/noisy_0678.wav,test/ref_0678.wav,-2.33,wind,none,3078
679,test/noisy_0679.wav,test/ref_0679.wav,4.89,rotor,none,3079
680,test/noisy_0680.wav,test/ref_0680.wav,8.99,crowd,none,3080
681,test/noisy_0681.wav,test/ref_0681.wav,2.19,crowd,none,3081
682,test/noisy_0682.wav,test/ref_0682.wav,9.47,wind,none,3082
683,test/noisy_0683.wav,test/ref_0683.wav,11.08,crowd,none,3083
684,test/noisy_0684.wav,test/ref_0684.wav,12.18,crowd,none,3084
685,test/noisy_0685.wav,test/ref_0685.wav,6.45,static,none,3085
686,test/noisy_0686.wav,test/ref_0686.wav,11.84,crowd,none,3086
687,test/noisy_0687.wav,test/ref_0687.wav,8.45,wind,none,3087
688,test/noisy_0688.wav,test/ref_0688.wav,-2.74,wind,none,3088
689,test/noisy_0689.wav,test/ref_0689.wav,2.97,rotor,none,3089
690,test/noisy_0690.wav,test/ref_0690.wav,2.4,wind,none,3090
691,test/noisy_0691.wav,test/ref_0691.wav,-0.89,wind,none,3091
692,test/noisy_0692.wav,test/ref_0692.wav,3.69,engine,none,3092
693,test/noisy_0693.wav,test/ref_0693.wav,-3.48,static,none,3093
694,test/noisy_0694.wav,test/ref_0694.wav,8.92,static,none,3094
695,test/noisy_0695.wav,test/ref_0695.wav,6.01,crowd,none,3095
696,test/noisy_0696.wav,test/ref_0696.wav,7.83,static,none,3096
697,test/noisy_0697.wav,test/ref_0697.wav,-2.93,wind,none,3097
698,test/noisy_0698.wav,test/ref_0698.wav,-3.84,rotor,none,3098
699,test/noisy_0699.wav,test/ref_0699.wav,12.7,rotor,none,3099
